pc_time,boot,seq,t_us,sa,signal,value
2026-10-05T09:00:14.140,1,113,19812648,0,engine_rpm,4320.000
2026-10-05T09:00:14.140,1,114,19912627,0,engine_rpm,4360.000
2026-10-05T09:00:14.141,1,115,20012641,0,engine_rpm,4400.000
2026-10-05T09:00:14.141,1,116,20112638,0,engine_rpm,4440.000
2026-10-05T09:00:14.141,1,117,20212638,0,engine_rpm,4480.000
2026-10-05T09:00:14.141,1,118,20312630,0,engine_rpm,4520.000
2026-10-05T09:00:14.141,1,119,20412627,0,engine_rpm,4560.000
2026-10-05T09:00:14.141,1,120,20512636,0,engine_rpm,4600.000
2026-10-05T09:00:14.141,1,122,20612638,0,engine_rpm,4640.000
2026-10-05T09:00:14.141,1,123,20712638,0,engine_rpm,4680.000
2026-10-05T09:00:14.141,1,124,20812630,0,engine_rpm,4720.000
2026-10-05T09:00:14.141,1,125,20912636,0,engine_rpm,4760.000
2026-10-05T09:00:14.142,1,126,21012618,0,engine_rpm,4800.000
2026-10-05T09:00:14.142,1,127,21112622,0,engine_rpm,4840.000
2026-10-05T09:00:14.142,1,128,21212638,0,engine_rpm,4880.000
2026-10-05T09:00:14.142,1,129,21312630,0,engine_rpm,4920.000
2026-10-05T09:00:14.142,1,130,21412627,0,engine_rpm,4960.000
2026-10-05T09:00:14.142,1,131,21512622,0,engine_rpm,5000.000
2026-10-05T09:00:14.142,1,133,21612638,0,engine_rpm,5040.000
2026-10-05T09:00:14.142,1,134,21712622,0,engine_rpm,5080.000
2026-10-05T09:00:14.142,1,135,21812630,0,engine_rpm,5120.000
2026-10-05T09:00:14.334,1,461,182664604,0,engine_rpm,1880.000
2026-10-05T09:00:14.433,1,462,182764600,0,engine_rpm,1920.000
2026-10-05T09:00:14.534,1,463,182864601,0,engine_rpm,1960.000
2026-10-05T09:00:14.634,1,464,182964594,0,engine_rpm,2000.000
2026-10-05T09:00:14.733,1,466,183064604,0,engine_rpm,2040.000
2026-10-05T09:00:14.833,1,467,183164587,0,engine_rpm,2080.000
2026-10-05T09:00:14.933,1,468,183264583,0,engine_rpm,2120.000
2026-10-05T09:00:15.034,1,469,183364594,0,engine_rpm,2160.000
2026-10-05T09:00:15.133,1,470,183464594,0,engine_rpm,2200.000
2026-10-05T09:00:15.233,1,471,183564587,0,engine_rpm,2240.000
2026-10-05T09:00:15.334,1,472,183664587,0,engine_rpm,2280.000
2026-10-05T09:00:15.434,1,473,183764583,0,engine_rpm,2320.000
2026-10-05T09:00:15.533,1,474,183864594,0,engine_rpm,2360.000
2026-10-05T09:00:15.634,1,475,183964588,0,engine_rpm,2400.000
2026-10-05T09:00:15.734,1,477,184064584,0,engine_rpm,2440.000
2026-10-05T09:00:15.834,1,478,184164587,0,engine_rpm,2480.000
2026-10-05T09:00:15.934,1,479,184264585,0,engine_rpm,2520.000
2026-10-05T09:00:16.035,1,480,184364579,0,engine_rpm,2560.000
2026-10-05T09:00:16.133,1,481,184464579,0,engine_rpm,2600.000
2026-10-05T09:00:16.233,1,482,184564587,0,engine_rpm,2640.000
2026-10-05T09:00:16.334,1,483,184664587,0,engine_rpm,2680.000
2026-10-05T09:00:16.434,1,484,184764585,0,engine_rpm,2720.000
2026-10-05T09:00:16.533,1,485,184864588,0,engine_rpm,2760.000
2026-10-05T09:00:16.634,1,486,184964597,0,engine_rpm,2800.000
2026-10-05T09:00:16.733,1,488,185064586,0,engine_rpm,2840.000
2026-10-05T09:00:16.833,1,489,185164589,0,engine_rpm,2880.000
2026-10-05T09:00:16.934,1,490,185264585,0,engine_rpm,2920.000
2026-10-05T09:00:17.033,1,491,185364579,0,engine_rpm,2960.000
2026-10-05T09:00:17.133,1,492,185464578,0,engine_rpm,3000.000
2026-10-05T09:00:17.234,1,493,185564589,0,engine_rpm,3040.000
2026-10-05T09:00:17.334,1,494,185664587,0,engine_rpm,3080.000
2026-10-05T09:00:17.434,1,495,185764583,0,engine_rpm,3120.000
2026-10-05T09:00:17.533,1,496,185864578,0,engine_rpm,3160.000
2026-10-05T09:00:17.634,1,497,185964570,0,engine_rpm,3200.000
2026-10-05T09:00:17.734,1,499,186064569,0,engine_rpm,3240.000
2026-10-05T09:00:17.833,1,500,186164587,0,engine_rpm,3280.000
2026-10-05T09:00:17.934,1,501,186264585,0,engine_rpm,3320.000
2026-10-05T09:00:18.034,1,502,186364579,0,engine_rpm,3360.000
2026-10-05T09:00:18.134,1,503,186464564,0,engine_rpm,3400.000
2026-10-05T09:00:18.233,1,504,186564587,0,engine_rpm,3440.000
2026-10-05T09:00:18.333,1,505,186664587,0,engine_rpm,3480.000
2026-10-05T09:00:18.433,1,506,186764567,0,engine_rpm,3520.000
2026-10-05T09:00:18.533,1,507,186864570,0,engine_rpm,3560.000
2026-10-05T09:00:18.633,1,508,186964579,0,engine_rpm,3600.000
2026-10-05T09:00:18.733,1,510,187064568,0,engine_rpm,3640.000
2026-10-05T09:00:18.833,1,511,187164571,0,engine_rpm,3680.000
2026-10-05T09:00:18.933,1,512,187264567,0,engine_rpm,3720.000
2026-10-05T09:00:19.033,1,513,187364579,0,engine_rpm,3760.000
2026-10-05T09:00:19.133,1,514,187464560,0,engine_rpm,3800.000
2026-10-05T09:00:19.234,1,515,187564571,0,engine_rpm,3840.000
2026-10-05T09:00:19.333,1,516,187664571,0,engine_rpm,3880.000
2026-10-05T09:00:19.433,1,517,187764567,0,engine_rpm,3920.000
2026-10-05T09:00:19.533,1,518,187864578,0,engine_rpm,3960.000
2026-10-05T09:00:19.633,1,519,187964570,0,engine_rpm,4000.000
2026-10-05T09:00:19.733,1,521,188064569,0,engine_rpm,4040.000
2026-10-05T09:00:19.833,1,522,188164571,0,engine_rpm,4080.000
2026-10-05T09:00:19.934,1,523,188264567,0,engine_rpm,4120.000
2026-10-05T09:00:20.033,1,524,188364564,0,engine_rpm,4160.000
2026-10-05T09:00:20.133,1,525,188464564,0,engine_rpm,4200.000
2026-10-05T09:00:20.233,1,526,188564571,0,engine_rpm,4240.000
2026-10-05T09:00:20.333,1,527,188664571,0,engine_rpm,4280.000
2026-10-05T09:00:20.433,1,528,188764567,0,engine_rpm,4320.000
2026-10-05T09:00:20.533,1,529,188864554,0,engine_rpm,4360.000
2026-10-05T09:00:20.633,1,530,188964579,0,engine_rpm,4400.000
2026-10-05T09:00:20.733,1,532,189064559,0,engine_rpm,4440.000
2026-10-05T09:00:20.833,1,533,189164556,0,engine_rpm,4480.000
2026-10-05T09:00:20.933,1,534,189264552,0,engine_rpm,4520.000
2026-10-05T09:00:21.033,1,535,189364564,0,engine_rpm,4560.000
2026-10-05T09:00:21.134,1,536,189464560,0,engine_rpm,4600.000
2026-10-05T09:00:21.233,1,537,189564556,0,engine_rpm,4640.000
2026-10-05T09:00:21.333,1,538,189664553,0,engine_rpm,4680.000
2026-10-05T09:00:21.433,1,539,189764567,0,engine_rpm,4720.000
2026-10-05T09:00:21.533,1,540,189864560,0,engine_rpm,4760.000
2026-10-05T09:00:21.633,1,541,189964554,0,engine_rpm,4800.000
2026-10-05T09:00:21.733,1,543,190064551,0,engine_rpm,4840.000
2026-10-05T09:00:21.833,1,544,190164571,0,engine_rpm,4880.000
2026-10-05T09:00:21.933,1,545,190264552,0,engine_rpm,4920.000
2026-10-05T09:00:22.033,1,546,190364546,0,engine_rpm,4960.000
2026-10-05T09:00:22.133,1,547,190464546,0,engine_rpm,5000.000
2026-10-05T09:00:22.233,1,548,190564553,0,engine_rpm,5040.000
2026-10-05T09:00:22.333,1,549,190664553,0,engine_rpm,5080.000
2026-10-05T09:00:22.433,1,550,190764552,0,engine_rpm,5120.000
2026-10-05T09:00:22.533,1,551,190864554,0,engine_rpm,5160.000
2026-10-05T09:00:22.634,1,552,190964546,0,engine_rpm,5200.000
2026-10-05T09:00:22.733,1,554,191064555,0,engine_rpm,5240.000
2026-10-05T09:00:22.833,1,555,191164556,0,engine_rpm,5280.000
2026-10-05T09:00:22.933,1,556,191264552,0,engine_rpm,5320.000
2026-10-05T09:00:23.033,1,557,191364564,0,engine_rpm,5360.000
2026-10-05T09:00:23.133,1,558,191464545,0,engine_rpm,5400.000
2026-10-05T09:00:23.233,1,559,191564556,0,engine_rpm,5440.000
2026-10-05T09:00:23.334,1,560,191664538,0,engine_rpm,5480.000
2026-10-05T09:00:23.433,1,561,191764549,0,engine_rpm,5520.000
2026-10-05T09:00:23.533,1,562,191864545,0,engine_rpm,5560.000
2026-10-05T09:00:23.634,1,563,191964554,0,engine_rpm,5600.000
2026-10-05T09:00:23.733,1,565,192064551,0,engine_rpm,5640.000
2026-10-05T09:00:23.833,1,566,192164553,0,engine_rpm,5680.000
2026-10-05T09:00:23.933,1,567,192264552,0,engine_rpm,5720.000
2026-10-05T09:00:24.033,1,568,192364546,0,engine_rpm,5760.000
2026-10-05T09:00:24.133,1,569,192464546,0,engine_rpm,5800.000
2026-10-05T09:00:24.233,1,570,192564538,0,engine_rpm,5840.000
2026-10-05T09:00:24.333,1,571,192664553,0,engine_rpm,5880.000
2026-10-05T09:00:24.433,1,572,192764534,0,engine_rpm,5920.000
2026-10-05T09:00:24.533,1,573,192864549,0,engine_rpm,5960.000
2026-10-05T09:00:24.633,1,574,192964545,0,engine_rpm,6000.000
2026-10-05T09:00:24.734,1,576,193064537,0,engine_rpm,5960.000
2026-10-05T09:00:24.833,1,577,193164538,0,engine_rpm,5920.000
2026-10-05T09:00:24.933,1,578,193264549,0,engine_rpm,5880.000
2026-10-05T09:00:25.033,1,579,193364545,0,engine_rpm,5840.000
2026-10-05T09:00:25.133,1,580,193464542,0,engine_rpm,5800.000
2026-10-05T09:00:25.233,1,581,193564538,0,engine_rpm,5760.000
2026-10-05T09:00:25.333,1,582,193664538,0,engine_rpm,5720.000
2026-10-05T09:00:25.433,1,583,193764552,0,engine_rpm,5680.000
2026-10-05T09:00:25.534,1,584,193864530,0,engine_rpm,5640.000
2026-10-05T09:00:25.633,1,585,193964541,0,engine_rpm,5600.000
2026-10-05T09:00:25.733,1,587,194064535,0,engine_rpm,5560.000
2026-10-05T09:00:25.833,1,588,194164538,0,engine_rpm,5520.000
2026-10-05T09:00:25.933,1,589,194264534,0,engine_rpm,5480.000
2026-10-05T09:00:26.034,1,590,194364527,0,engine_rpm,5440.000
2026-10-05T09:00:26.133,1,591,194464527,0,engine_rpm,5400.000
2026-10-05T09:00:26.233,1,592,194564538,0,engine_rpm,5360.000
2026-10-05T09:00:26.333,1,593,194664522,0,engine_rpm,5320.000
2026-10-05T09:00:26.433,1,594,194764534,0,engine_rpm,5280.000
2026-10-05T09:00:26.533,1,595,194864534,0,engine_rpm,5240.000
2026-10-05T09:00:26.633,1,596,194964527,0,engine_rpm,5200.000
2026-10-05T09:00:26.732,1,598,195064537,0,engine_rpm,5160.000
2026-10-05T09:00:26.833,1,599,195164538,0,engine_rpm,5120.000
2026-10-05T09:00:26.933,1,600,195264534,0,engine_rpm,5080.000
2026-10-05T09:00:27.033,1,601,195364527,0,engine_rpm,5040.000
2026-10-05T09:00:27.133,1,602,195464527,0,engine_rpm,5000.000
2026-10-05T09:00:27.233,1,603,195564520,0,engine_rpm,4960.000
2026-10-05T09:00:27.333,1,604,195664538,0,engine_rpm,4920.000
2026-10-05T09:00:27.433,1,605,195764534,0,engine_rpm,4880.000
2026-10-05T09:00:27.533,1,606,195864530,0,engine_rpm,4840.000
2026-10-05T09:00:27.633,1,607,195964523,0,engine_rpm,4800.000
2026-10-05T09:00:27.733,1,609,196064535,0,engine_rpm,4760.000
2026-10-05T09:00:27.833,1,610,196164522,0,engine_rpm,4720.000
2026-10-05T09:00:27.933,1,611,196264534,0,engine_rpm,4680.000
2026-10-05T09:00:28.033,1,612,196364527,0,engine_rpm,4640.000
2026-10-05T09:00:28.133,1,613,196464527,0,engine_rpm,4600.000
2026-10-05T09:00:28.233,1,614,196564522,0,engine_rpm,4560.000
2026-10-05T09:00:28.333,1,615,196664520,0,engine_rpm,4520.000
2026-10-05T09:00:28.433,1,616,196764518,0,engine_rpm,4480.000
2026-10-05T09:00:28.533,1,617,196864521,0,engine_rpm,4440.000
2026-10-05T09:00:28.633,1,618,196964530,0,engine_rpm,4400.000
2026-10-05T09:00:28.733,1,620,197064519,0,engine_rpm,4360.000
2026-10-05T09:00:28.833,1,621,197164522,0,engine_rpm,4320.000
2026-10-05T09:00:28.933,1,622,197264516,0,engine_rpm,4280.000
2026-10-05T09:00:29.033,1,623,197364527,0,engine_rpm,4240.000
2026-10-05T09:00:29.133,1,624,197464527,0,engine_rpm,4200.000
2026-10-05T09:00:29.234,1,625,197564520,0,engine_rpm,4160.000
2026-10-05T09:00:29.333,1,626,197664520,0,engine_rpm,4120.000
2026-10-05T09:00:29.433,1,627,197764518,0,engine_rpm,4080.000
2026-10-05T09:00:29.533,1,628,197864512,0,engine_rpm,4040.000
2026-10-05T09:00:29.633,1,629,197964523,0,engine_rpm,4000.000
2026-10-05T09:00:29.733,1,631,198064520,0,engine_rpm,3960.000
2026-10-05T09:00:29.833,1,632,198164522,0,engine_rpm,3920.000
2026-10-05T09:00:29.933,1,633,198264516,0,engine_rpm,3880.000
2026-10-05T09:00:30.033,1,634,198364511,0,engine_rpm,3840.000
2026-10-05T09:00:30.133,1,635,198464511,0,engine_rpm,3800.000
2026-10-05T09:00:30.233,1,636,198564522,0,engine_rpm,3760.000
2026-10-05T09:00:30.333,1,637,198664504,0,engine_rpm,3720.000
2026-10-05T09:00:30.433,1,638,198764516,0,engine_rpm,3680.000
2026-10-05T09:00:30.533,1,639,198864516,0,engine_rpm,3640.000
2026-10-05T09:00:30.633,1,640,198964511,0,engine_rpm,3600.000
2026-10-05T09:00:30.733,1,642,199064517,0,engine_rpm,3560.000
2026-10-05T09:00:30.833,1,643,199164504,0,engine_rpm,3520.000
2026-10-05T09:00:30.933,1,644,199264518,0,engine_rpm,3480.000
2026-10-05T09:00:31.033,1,645,199364512,0,engine_rpm,3440.000
2026-10-05T09:00:31.133,1,646,199464511,0,engine_rpm,3400.000
2026-10-05T09:00:31.233,1,647,199564504,0,engine_rpm,3360.000
2026-10-05T09:00:31.333,1,648,199664504,0,engine_rpm,3320.000
2026-10-05T09:00:31.433,1,649,199764516,0,engine_rpm,3280.000
2026-10-05T09:00:31.533,1,650,199864511,0,engine_rpm,3240.000
2026-10-05T09:00:31.633,1,651,199964503,0,engine_rpm,3200.000
2026-10-05T09:00:31.734,1,653,200064502,0,engine_rpm,3160.000
2026-10-05T09:00:31.833,1,654,200164504,0,engine_rpm,3120.000
2026-10-05T09:00:31.933,1,655,200264518,0,engine_rpm,3080.000
2026-10-05T09:00:32.033,1,656,200364512,0,engine_rpm,3040.000
2026-10-05T09:00:32.133,1,657,200464512,0,engine_rpm,3000.000
2026-10-05T09:00:32.233,1,658,200564504,0,engine_rpm,2960.000
2026-10-05T09:00:32.333,1,659,200664504,0,engine_rpm,2920.000
2026-10-05T09:00:32.433,1,660,200764500,0,engine_rpm,2880.000
2026-10-05T09:00:32.533,1,661,200864503,0,engine_rpm,2840.000
2026-10-05T09:00:32.633,1,662,200964512,0,engine_rpm,2800.000
2026-10-05T09:00:32.733,1,664,201064488,0,engine_rpm,2760.000
2026-10-05T09:00:32.833,1,665,201164504,0,engine_rpm,2720.000
2026-10-05T09:00:32.933,1,666,201264500,0,engine_rpm,2680.000
2026-10-05T09:00:33.034,1,667,201364511,0,engine_rpm,2640.000
2026-10-05T09:00:33.133,1,668,201464493,0,engine_rpm,2600.000
2026-10-05T09:00:33.233,1,669,201564504,0,engine_rpm,2560.000
2026-10-05T09:00:33.333,1,670,201664504,0,engine_rpm,2520.000
2026-10-05T09:00:33.433,1,671,201764500,0,engine_rpm,2480.000
2026-10-05T09:00:33.533,1,672,201864497,0,engine_rpm,2440.000
2026-10-05T09:00:33.633,1,673,201964489,0,engine_rpm,2400.000
2026-10-05T09:00:33.733,1,675,202064501,0,engine_rpm,2360.000
2026-10-05T09:00:33.833,1,676,202164489,0,engine_rpm,2320.000
2026-10-05T09:00:33.933,1,677,202264500,0,engine_rpm,2280.000
2026-10-05T09:00:34.033,1,678,202364493,0,engine_rpm,2240.000
2026-10-05T09:00:34.133,1,679,202464493,0,engine_rpm,2200.000
2026-10-05T09:00:34.233,1,680,202564489,0,engine_rpm,2160.000
2026-10-05T09:00:34.333,1,681,202664489,0,engine_rpm,2120.000
2026-10-05T09:00:34.433,1,682,202764500,0,engine_rpm,2080.000
2026-10-05T09:00:34.533,1,683,202864500,0,engine_rpm,2040.000
2026-10-05T09:00:34.633,1,684,202964493,0,engine_rpm,2000.000
2026-10-05T09:00:34.733,1,686,203064483,0,engine_rpm,1960.000
2026-10-05T09:00:34.834,1,687,203164487,0,engine_rpm,1920.000
2026-10-05T09:00:34.933,1,688,203264485,0,engine_rpm,1880.000
2026-10-05T09:00:35.033,1,689,203364497,0,engine_rpm,1840.000
2026-10-05T09:00:35.133,1,690,203464493,0,engine_rpm,1800.000
2026-10-05T09:00:35.233,1,691,203564489,0,engine_rpm,1760.000
2026-10-05T09:00:35.333,1,692,203664487,0,engine_rpm,1720.000
2026-10-05T09:00:35.433,1,693,203764485,0,engine_rpm,1680.000
2026-10-05T09:00:35.533,1,694,203864479,0,engine_rpm,1640.000
2026-10-05T09:00:35.633,1,695,203964489,0,engine_rpm,1600.000
2026-10-05T09:00:35.732,1,697,204064489,0,engine_rpm,1560.000
2026-10-05T09:00:35.833,1,698,204164489,0,engine_rpm,1520.000
2026-10-05T09:00:35.933,1,699,204264482,0,engine_rpm,1480.000
2026-10-05T09:00:36.033,1,700,204364493,0,engine_rpm,1440.000
2026-10-05T09:00:36.133,1,701,204464497,0,engine_rpm,1400.000
2026-10-05T09:00:36.233,1,702,204564489,0,engine_rpm,1360.000
2026-10-05T09:00:36.333,1,703,204664471,0,engine_rpm,1320.000
2026-10-05T09:00:36.433,1,704,204764482,0,engine_rpm,1280.000
2026-10-05T09:00:36.533,1,705,204864483,0,engine_rpm,1240.000
2026-10-05T09:00:36.633,1,706,204964493,0,engine_rpm,1200.000
2026-10-05T09:00:36.733,1,708,205064486,0,engine_rpm,1160.000
2026-10-05T09:00:36.833,1,709,205164489,0,engine_rpm,1120.000
2026-10-05T09:00:36.933,1,710,205264482,0,engine_rpm,1080.000
2026-10-05T09:00:37.033,1,711,205364493,0,engine_rpm,1040.000
2026-10-05T09:00:37.133,1,712,205464475,0,engine_rpm,1000.000
2026-10-05T09:00:37.233,1,713,205564487,0,engine_rpm,1040.000
2026-10-05T09:00:37.333,1,714,205664471,0,engine_rpm,1080.000
2026-10-05T09:00:37.433,1,715,205764485,0,engine_rpm,1120.000
2026-10-05T09:00:37.533,1,716,205864479,0,engine_rpm,1160.000
2026-10-05T09:00:37.633,1,717,205964474,0,engine_rpm,1200.000
2026-10-05T09:00:37.733,1,719,206064486,0,engine_rpm,1240.000
2026-10-05T09:00:37.833,1,720,206164471,0,engine_rpm,1280.000
2026-10-05T09:00:37.933,1,721,206264467,0,engine_rpm,1320.000
2026-10-05T09:00:38.033,1,722,206364478,0,engine_rpm,1360.000
2026-10-05T09:00:38.133,1,723,206464481,0,engine_rpm,1400.000
2026-10-05T09:00:38.233,1,724,206564489,0,engine_rpm,1440.000
2026-10-05T09:00:38.333,1,725,206664471,0,engine_rpm,1480.000
2026-10-05T09:00:38.433,1,726,206764482,0,engine_rpm,1520.000
2026-10-05T09:00:38.533,1,727,206864467,0,engine_rpm,1560.000
2026-10-05T09:00:38.633,1,728,206964478,0,engine_rpm,1600.000
2026-10-05T09:00:38.732,1,730,207064470,0,engine_rpm,1640.000
2026-10-05T09:00:38.833,1,731,207164471,0,engine_rpm,1680.000
2026-10-05T09:00:38.933,1,732,207264467,0,engine_rpm,1720.000
2026-10-05T09:00:39.033,1,733,207364479,0,engine_rpm,1760.000
2026-10-05T09:00:39.133,1,734,207464478,0,engine_rpm,1800.000
2026-10-05T09:00:39.233,1,735,207564471,0,engine_rpm,1840.000
2026-10-05T09:00:39.333,1,736,207664471,0,engine_rpm,1880.000
2026-10-05T09:00:39.433,1,737,207764467,0,engine_rpm,1920.000
2026-10-05T09:00:39.534,1,738,207864460,0,engine_rpm,1960.000
2026-10-05T09:00:39.633,1,739,207964469,0,engine_rpm,2000.000
2026-10-05T09:00:39.733,1,741,208064468,0,engine_rpm,2040.000
2026-10-05T09:00:39.833,1,742,208164471,0,engine_rpm,2080.000
2026-10-05T09:00:39.933,1,743,208264467,0,engine_rpm,2120.000
2026-10-05T09:00:40.034,1,744,208364463,0,engine_rpm,2160.000
2026-10-05T09:00:40.133,1,745,208464463,0,engine_rpm,2200.000
2026-10-05T09:00:40.233,1,746,208564453,0,engine_rpm,2240.000
2026-10-05T09:00:40.333,1,747,208664471,0,engine_rpm,2280.000
2026-10-05T09:00:40.433,1,748,208764467,0,engine_rpm,2320.000
2026-10-05T09:00:40.533,1,749,208864469,0,engine_rpm,2360.000
2026-10-05T09:00:40.633,1,750,208964463,0,engine_rpm,2400.000
2026-10-05T09:00:40.733,1,752,209064468,0,engine_rpm,2440.000
2026-10-05T09:00:40.833,1,753,209164471,0,engine_rpm,2480.000
2026-10-05T09:00:40.933,1,754,209264467,0,engine_rpm,2520.000
2026-10-05T09:00:41.033,1,755,209364463,0,engine_rpm,2560.000
2026-10-05T09:00:41.133,1,756,209464460,0,engine_rpm,2600.000
2026-10-05T09:00:41.233,1,757,209564471,0,engine_rpm,2640.000
2026-10-05T09:00:41.333,1,758,209664471,0,engine_rpm,2680.000
2026-10-05T09:00:41.433,1,759,209764467,0,engine_rpm,2720.000
2026-10-05T09:00:41.533,1,760,209864444,0,engine_rpm,2760.000
2026-10-05T09:00:41.633,1,761,209964469,0,engine_rpm,2800.000
2026-10-05T09:00:41.733,1,763,210064451,0,engine_rpm,2840.000
2026-10-05T09:00:41.834,1,764,210164453,0,engine_rpm,2880.000
2026-10-05T09:00:41.933,1,765,210264467,0,engine_rpm,2920.000
2026-10-05T09:00:42.033,1,766,210364463,0,engine_rpm,2960.000
2026-10-05T09:00:42.133,1,767,210464463,0,engine_rpm,3000.000
2026-10-05T09:00:42.233,1,768,210564453,0,engine_rpm,3040.000
2026-10-05T09:00:42.333,1,769,210664453,0,engine_rpm,3080.000
2026-10-05T09:00:42.434,1,770,210764451,0,engine_rpm,3120.000
2026-10-05T09:00:42.533,1,771,210864454,0,engine_rpm,3160.000
2026-10-05T09:00:42.633,1,772,210964445,0,engine_rpm,3200.000
2026-10-05T09:00:42.733,1,774,211064452,0,engine_rpm,3240.000
2026-10-05T09:00:42.833,1,775,211164456,0,engine_rpm,3280.000
2026-10-05T09:00:42.933,1,776,211264451,0,engine_rpm,3320.000
2026-10-05T09:00:43.033,1,777,211364445,0,engine_rpm,3360.000
2026-10-05T09:00:43.133,1,778,211464444,0,engine_rpm,3400.000
2026-10-05T09:00:43.233,1,779,211564456,0,engine_rpm,3440.000
2026-10-05T09:00:43.333,1,780,211664456,0,engine_rpm,3480.000
2026-10-05T09:00:43.433,1,781,211764449,0,engine_rpm,3520.000
2026-10-05T09:00:43.532,1,782,211864444,0,engine_rpm,3560.000
2026-10-05T09:00:43.632,1,783,211964454,0,engine_rpm,3600.000
2026-10-05T09:00:43.733,1,785,212064451,0,engine_rpm,3640.000
2026-10-05T09:00:43.833,1,786,212164438,0,engine_rpm,3680.000
2026-10-05T09:00:43.932,1,787,212264451,0,engine_rpm,3720.000
2026-10-05T09:00:44.032,1,788,212364445,0,engine_rpm,3760.000
2026-10-05T09:00:44.132,1,789,212464445,0,engine_rpm,3800.000
