pc_time,boot,seq,t_us,ext,can_id_hex,pgn,sa,priority,dlc,data_hex
2026-10-05T09:00:14.140,1,113,19812648,1,0CF00400,61444,0,3,8,FFFFFF0087FFFFFF
2026-10-05T09:00:14.140,1,114,19912627,1,0CF00400,61444,0,3,8,FFFFFF4088FFFFFF
2026-10-05T09:00:14.141,1,115,20012641,1,0CF00400,61444,0,3,8,FFFFFF8089FFFFFF
2026-10-05T09:00:14.141,1,116,20112638,1,0CF00400,61444,0,3,8,FFFFFFC08AFFFFFF
2026-10-05T09:00:14.141,1,117,20212638,1,0CF00400,61444,0,3,8,FFFFFF008CFFFFFF
2026-10-05T09:00:14.141,1,118,20312630,1,0CF00400,61444,0,3,8,FFFFFF408DFFFFFF
2026-10-05T09:00:14.141,1,119,20412627,1,0CF00400,61444,0,3,8,FFFFFF808EFFFFFF
2026-10-05T09:00:14.141,1,120,20512636,1,0CF00400,61444,0,3,8,FFFFFFC08FFFFFFF
2026-10-05T09:00:14.141,1,122,20612638,1,0CF00400,61444,0,3,8,FFFFFF0091FFFFFF
2026-10-05T09:00:14.141,1,123,20712638,1,0CF00400,61444,0,3,8,FFFFFF4092FFFFFF
2026-10-05T09:00:14.141,1,124,20812630,1,0CF00400,61444,0,3,8,FFFFFF8093FFFFFF
2026-10-05T09:00:14.141,1,125,20912636,1,0CF00400,61444,0,3,8,FFFFFFC094FFFFFF
2026-10-05T09:00:14.142,1,126,21012618,1,0CF00400,61444,0,3,8,FFFFFF0096FFFFFF
2026-10-05T09:00:14.142,1,127,21112622,1,0CF00400,61444,0,3,8,FFFFFF4097FFFFFF
2026-10-05T09:00:14.142,1,128,21212638,1,0CF00400,61444,0,3,8,FFFFFF8098FFFFFF
2026-10-05T09:00:14.142,1,129,21312630,1,0CF00400,61444,0,3,8,FFFFFFC099FFFFFF
2026-10-05T09:00:14.142,1,130,21412627,1,0CF00400,61444,0,3,8,FFFFFF009BFFFFFF
2026-10-05T09:00:14.142,1,131,21512622,1,0CF00400,61444,0,3,8,FFFFFF409CFFFFFF
2026-10-05T09:00:14.142,1,133,21612638,1,0CF00400,61444,0,3,8,FFFFFF809DFFFFFF
2026-10-05T09:00:14.142,1,134,21712622,1,0CF00400,61444,0,3,8,FFFFFFC09EFFFFFF
2026-10-05T09:00:14.142,1,135,21812630,1,0CF00400,61444,0,3,8,FFFFFF00A0FFFFFF
2026-10-05T09:00:14.334,1,461,182664604,1,0CF00400,61444,0,3,8,FFFFFFC03AFFFFFF
2026-10-05T09:00:14.433,1,462,182764600,1,0CF00400,61444,0,3,8,FFFFFF003CFFFFFF
2026-10-05T09:00:14.534,1,463,182864601,1,0CF00400,61444,0,3,8,FFFFFF403DFFFFFF
2026-10-05T09:00:14.634,1,464,182964594,1,0CF00400,61444,0,3,8,FFFFFF803EFFFFFF
2026-10-05T09:00:14.733,1,466,183064604,1,0CF00400,61444,0,3,8,FFFFFFC03FFFFFFF
2026-10-05T09:00:14.833,1,467,183164587,1,0CF00400,61444,0,3,8,FFFFFF0041FFFFFF
2026-10-05T09:00:14.933,1,468,183264583,1,0CF00400,61444,0,3,8,FFFFFF4042FFFFFF
2026-10-05T09:00:15.034,1,469,183364594,1,0CF00400,61444,0,3,8,FFFFFF8043FFFFFF
2026-10-05T09:00:15.133,1,470,183464594,1,0CF00400,61444,0,3,8,FFFFFFC044FFFFFF
2026-10-05T09:00:15.233,1,471,183564587,1,0CF00400,61444,0,3,8,FFFFFF0046FFFFFF
2026-10-05T09:00:15.334,1,472,183664587,1,0CF00400,61444,0,3,8,FFFFFF4047FFFFFF
2026-10-05T09:00:15.434,1,473,183764583,1,0CF00400,61444,0,3,8,FFFFFF8048FFFFFF
2026-10-05T09:00:15.533,1,474,183864594,1,0CF00400,61444,0,3,8,FFFFFFC049FFFFFF
2026-10-05T09:00:15.634,1,475,183964588,1,0CF00400,61444,0,3,8,FFFFFF004BFFFFFF
2026-10-05T09:00:15.734,1,477,184064584,1,0CF00400,61444,0,3,8,FFFFFF404CFFFFFF
2026-10-05T09:00:15.834,1,478,184164587,1,0CF00400,61444,0,3,8,FFFFFF804DFFFFFF
2026-10-05T09:00:15.934,1,479,184264585,1,0CF00400,61444,0,3,8,FFFFFFC04EFFFFFF
2026-10-05T09:00:16.035,1,480,184364579,1,0CF00400,61444,0,3,8,FFFFFF0050FFFFFF
2026-10-05T09:00:16.133,1,481,184464579,1,0CF00400,61444,0,3,8,FFFFFF4051FFFFFF
2026-10-05T09:00:16.233,1,482,184564587,1,0CF00400,61444,0,3,8,FFFFFF8052FFFFFF
2026-10-05T09:00:16.334,1,483,184664587,1,0CF00400,61444,0,3,8,FFFFFFC053FFFFFF
2026-10-05T09:00:16.434,1,484,184764585,1,0CF00400,61444,0,3,8,FFFFFF0055FFFFFF
2026-10-05T09:00:16.533,1,485,184864588,1,0CF00400,61444,0,3,8,FFFFFF4056FFFFFF
2026-10-05T09:00:16.634,1,486,184964597,1,0CF00400,61444,0,3,8,FFFFFF8057FFFFFF
2026-10-05T09:00:16.733,1,488,185064586,1,0CF00400,61444,0,3,8,FFFFFFC058FFFFFF
2026-10-05T09:00:16.833,1,489,185164589,1,0CF00400,61444,0,3,8,FFFFFF005AFFFFFF
2026-10-05T09:00:16.934,1,490,185264585,1,0CF00400,61444,0,3,8,FFFFFF405BFFFFFF
2026-10-05T09:00:17.033,1,491,185364579,1,0CF00400,61444,0,3,8,FFFFFF805CFFFFFF
2026-10-05T09:00:17.133,1,492,185464578,1,0CF00400,61444,0,3,8,FFFFFFC05DFFFFFF
2026-10-05T09:00:17.234,1,493,185564589,1,0CF00400,61444,0,3,8,FFFFFF005FFFFFFF
2026-10-05T09:00:17.334,1,494,185664587,1,0CF00400,61444,0,3,8,FFFFFF4060FFFFFF
2026-10-05T09:00:17.434,1,495,185764583,1,0CF00400,61444,0,3,8,FFFFFF8061FFFFFF
2026-10-05T09:00:17.533,1,496,185864578,1,0CF00400,61444,0,3,8,FFFFFFC062FFFFFF
2026-10-05T09:00:17.634,1,497,185964570,1,0CF00400,61444,0,3,8,FFFFFF0064FFFFFF
2026-10-05T09:00:17.734,1,499,186064569,1,0CF00400,61444,0,3,8,FFFFFF4065FFFFFF
2026-10-05T09:00:17.833,1,500,186164587,1,0CF00400,61444,0,3,8,FFFFFF8066FFFFFF
2026-10-05T09:00:17.934,1,501,186264585,1,0CF00400,61444,0,3,8,FFFFFFC067FFFFFF
2026-10-05T09:00:18.034,1,502,186364579,1,0CF00400,61444,0,3,8,FFFFFF0069FFFFFF
2026-10-05T09:00:18.134,1,503,186464564,1,0CF00400,61444,0,3,8,FFFFFF406AFFFFFF
2026-10-05T09:00:18.233,1,504,186564587,1,0CF00400,61444,0,3,8,FFFFFF806BFFFFFF
2026-10-05T09:00:18.333,1,505,186664587,1,0CF00400,61444,0,3,8,FFFFFFC06CFFFFFF
2026-10-05T09:00:18.433,1,506,186764567,1,0CF00400,61444,0,3,8,FFFFFF006EFFFFFF
2026-10-05T09:00:18.533,1,507,186864570,1,0CF00400,61444,0,3,8,FFFFFF406FFFFFFF
2026-10-05T09:00:18.633,1,508,186964579,1,0CF00400,61444,0,3,8,FFFFFF8070FFFFFF
2026-10-05T09:00:18.733,1,510,187064568,1,0CF00400,61444,0,3,8,FFFFFFC071FFFFFF
2026-10-05T09:00:18.833,1,511,187164571,1,0CF00400,61444,0,3,8,FFFFFF0073FFFFFF
2026-10-05T09:00:18.933,1,512,187264567,1,0CF00400,61444,0,3,8,FFFFFF4074FFFFFF
2026-10-05T09:00:19.033,1,513,187364579,1,0CF00400,61444,0,3,8,FFFFFF8075FFFFFF
2026-10-05T09:00:19.133,1,514,187464560,1,0CF00400,61444,0,3,8,FFFFFFC076FFFFFF
2026-10-05T09:00:19.234,1,515,187564571,1,0CF00400,61444,0,3,8,FFFFFF0078FFFFFF
2026-10-05T09:00:19.333,1,516,187664571,1,0CF00400,61444,0,3,8,FFFFFF4079FFFFFF
2026-10-05T09:00:19.433,1,517,187764567,1,0CF00400,61444,0,3,8,FFFFFF807AFFFFFF
2026-10-05T09:00:19.533,1,518,187864578,1,0CF00400,61444,0,3,8,FFFFFFC07BFFFFFF
2026-10-05T09:00:19.633,1,519,187964570,1,0CF00400,61444,0,3,8,FFFFFF007DFFFFFF
2026-10-05T09:00:19.733,1,521,188064569,1,0CF00400,61444,0,3,8,FFFFFF407EFFFFFF
2026-10-05T09:00:19.833,1,522,188164571,1,0CF00400,61444,0,3,8,FFFFFF807FFFFFFF
2026-10-05T09:00:19.934,1,523,188264567,1,0CF00400,61444,0,3,8,FFFFFFC080FFFFFF
2026-10-05T09:00:20.033,1,524,188364564,1,0CF00400,61444,0,3,8,FFFFFF0082FFFFFF
2026-10-05T09:00:20.133,1,525,188464564,1,0CF00400,61444,0,3,8,FFFFFF4083FFFFFF
2026-10-05T09:00:20.233,1,526,188564571,1,0CF00400,61444,0,3,8,FFFFFF8084FFFFFF
2026-10-05T09:00:20.333,1,527,188664571,1,0CF00400,61444,0,3,8,FFFFFFC085FFFFFF
2026-10-05T09:00:20.433,1,528,188764567,1,0CF00400,61444,0,3,8,FFFFFF0087FFFFFF
2026-10-05T09:00:20.533,1,529,188864554,1,0CF00400,61444,0,3,8,FFFFFF4088FFFFFF
2026-10-05T09:00:20.633,1,530,188964579,1,0CF00400,61444,0,3,8,FFFFFF8089FFFFFF
2026-10-05T09:00:20.733,1,532,189064559,1,0CF00400,61444,0,3,8,FFFFFFC08AFFFFFF
2026-10-05T09:00:20.833,1,533,189164556,1,0CF00400,61444,0,3,8,FFFFFF008CFFFFFF
2026-10-05T09:00:20.933,1,534,189264552,1,0CF00400,61444,0,3,8,FFFFFF408DFFFFFF
2026-10-05T09:00:21.033,1,535,189364564,1,0CF00400,61444,0,3,8,FFFFFF808EFFFFFF
2026-10-05T09:00:21.134,1,536,189464560,1,0CF00400,61444,0,3,8,FFFFFFC08FFFFFFF
2026-10-05T09:00:21.233,1,537,189564556,1,0CF00400,61444,0,3,8,FFFFFF0091FFFFFF
2026-10-05T09:00:21.333,1,538,189664553,1,0CF00400,61444,0,3,8,FFFFFF4092FFFFFF
2026-10-05T09:00:21.433,1,539,189764567,1,0CF00400,61444,0,3,8,FFFFFF8093FFFFFF
2026-10-05T09:00:21.533,1,540,189864560,1,0CF00400,61444,0,3,8,FFFFFFC094FFFFFF
2026-10-05T09:00:21.633,1,541,189964554,1,0CF00400,61444,0,3,8,FFFFFF0096FFFFFF
2026-10-05T09:00:21.733,1,543,190064551,1,0CF00400,61444,0,3,8,FFFFFF4097FFFFFF
2026-10-05T09:00:21.833,1,544,190164571,1,0CF00400,61444,0,3,8,FFFFFF8098FFFFFF
2026-10-05T09:00:21.933,1,545,190264552,1,0CF00400,61444,0,3,8,FFFFFFC099FFFFFF
2026-10-05T09:00:22.033,1,546,190364546,1,0CF00400,61444,0,3,8,FFFFFF009BFFFFFF
2026-10-05T09:00:22.133,1,547,190464546,1,0CF00400,61444,0,3,8,FFFFFF409CFFFFFF
2026-10-05T09:00:22.233,1,548,190564553,1,0CF00400,61444,0,3,8,FFFFFF809DFFFFFF
2026-10-05T09:00:22.333,1,549,190664553,1,0CF00400,61444,0,3,8,FFFFFFC09EFFFFFF
2026-10-05T09:00:22.433,1,550,190764552,1,0CF00400,61444,0,3,8,FFFFFF00A0FFFFFF
2026-10-05T09:00:22.533,1,551,190864554,1,0CF00400,61444,0,3,8,FFFFFF40A1FFFFFF
2026-10-05T09:00:22.634,1,552,190964546,1,0CF00400,61444,0,3,8,FFFFFF80A2FFFFFF
2026-10-05T09:00:22.733,1,554,191064555,1,0CF00400,61444,0,3,8,FFFFFFC0A3FFFFFF
2026-10-05T09:00:22.833,1,555,191164556,1,0CF00400,61444,0,3,8,FFFFFF00A5FFFFFF
2026-10-05T09:00:22.933,1,556,191264552,1,0CF00400,61444,0,3,8,FFFFFF40A6FFFFFF
2026-10-05T09:00:23.033,1,557,191364564,1,0CF00400,61444,0,3,8,FFFFFF80A7FFFFFF
2026-10-05T09:00:23.133,1,558,191464545,1,0CF00400,61444,0,3,8,FFFFFFC0A8FFFFFF
2026-10-05T09:00:23.233,1,559,191564556,1,0CF00400,61444,0,3,8,FFFFFF00AAFFFFFF
2026-10-05T09:00:23.334,1,560,191664538,1,0CF00400,61444,0,3,8,FFFFFF40ABFFFFFF
2026-10-05T09:00:23.433,1,561,191764549,1,0CF00400,61444,0,3,8,FFFFFF80ACFFFFFF
2026-10-05T09:00:23.533,1,562,191864545,1,0CF00400,61444,0,3,8,FFFFFFC0ADFFFFFF
2026-10-05T09:00:23.634,1,563,191964554,1,0CF00400,61444,0,3,8,FFFFFF00AFFFFFFF
2026-10-05T09:00:23.733,1,565,192064551,1,0CF00400,61444,0,3,8,FFFFFF40B0FFFFFF
2026-10-05T09:00:23.833,1,566,192164553,1,0CF00400,61444,0,3,8,FFFFFF80B1FFFFFF
2026-10-05T09:00:23.933,1,567,192264552,1,0CF00400,61444,0,3,8,FFFFFFC0B2FFFFFF
2026-10-05T09:00:24.033,1,568,192364546,1,0CF00400,61444,0,3,8,FFFFFF00B4FFFFFF
2026-10-05T09:00:24.133,1,569,192464546,1,0CF00400,61444,0,3,8,FFFFFF40B5FFFFFF
2026-10-05T09:00:24.233,1,570,192564538,1,0CF00400,61444,0,3,8,FFFFFF80B6FFFFFF
2026-10-05T09:00:24.333,1,571,192664553,1,0CF00400,61444,0,3,8,FFFFFFC0B7FFFFFF
2026-10-05T09:00:24.433,1,572,192764534,1,0CF00400,61444,0,3,8,FFFFFF00B9FFFFFF
2026-10-05T09:00:24.533,1,573,192864549,1,0CF00400,61444,0,3,8,FFFFFF40BAFFFFFF
2026-10-05T09:00:24.633,1,574,192964545,1,0CF00400,61444,0,3,8,FFFFFF80BBFFFFFF
2026-10-05T09:00:24.734,1,576,193064537,1,0CF00400,61444,0,3,8,FFFFFF40BAFFFFFF
2026-10-05T09:00:24.833,1,577,193164538,1,0CF00400,61444,0,3,8,FFFFFF00B9FFFFFF
2026-10-05T09:00:24.933,1,578,193264549,1,0CF00400,61444,0,3,8,FFFFFFC0B7FFFFFF
2026-10-05T09:00:25.033,1,579,193364545,1,0CF00400,61444,0,3,8,FFFFFF80B6FFFFFF
2026-10-05T09:00:25.133,1,580,193464542,1,0CF00400,61444,0,3,8,FFFFFF40B5FFFFFF
2026-10-05T09:00:25.233,1,581,193564538,1,0CF00400,61444,0,3,8,FFFFFF00B4FFFFFF
2026-10-05T09:00:25.333,1,582,193664538,1,0CF00400,61444,0,3,8,FFFFFFC0B2FFFFFF
2026-10-05T09:00:25.433,1,583,193764552,1,0CF00400,61444,0,3,8,FFFFFF80B1FFFFFF
2026-10-05T09:00:25.534,1,584,193864530,1,0CF00400,61444,0,3,8,FFFFFF40B0FFFFFF
2026-10-05T09:00:25.633,1,585,193964541,1,0CF00400,61444,0,3,8,FFFFFF00AFFFFFFF
2026-10-05T09:00:25.733,1,587,194064535,1,0CF00400,61444,0,3,8,FFFFFFC0ADFFFFFF
2026-10-05T09:00:25.833,1,588,194164538,1,0CF00400,61444,0,3,8,FFFFFF80ACFFFFFF
2026-10-05T09:00:25.933,1,589,194264534,1,0CF00400,61444,0,3,8,FFFFFF40ABFFFFFF
2026-10-05T09:00:26.034,1,590,194364527,1,0CF00400,61444,0,3,8,FFFFFF00AAFFFFFF
2026-10-05T09:00:26.133,1,591,194464527,1,0CF00400,61444,0,3,8,FFFFFFC0A8FFFFFF
2026-10-05T09:00:26.233,1,592,194564538,1,0CF00400,61444,0,3,8,FFFFFF80A7FFFFFF
2026-10-05T09:00:26.333,1,593,194664522,1,0CF00400,61444,0,3,8,FFFFFF40A6FFFFFF
2026-10-05T09:00:26.433,1,594,194764534,1,0CF00400,61444,0,3,8,FFFFFF00A5FFFFFF
2026-10-05T09:00:26.533,1,595,194864534,1,0CF00400,61444,0,3,8,FFFFFFC0A3FFFFFF
2026-10-05T09:00:26.633,1,596,194964527,1,0CF00400,61444,0,3,8,FFFFFF80A2FFFFFF
2026-10-05T09:00:26.732,1,598,195064537,1,0CF00400,61444,0,3,8,FFFFFF40A1FFFFFF
2026-10-05T09:00:26.833,1,599,195164538,1,0CF00400,61444,0,3,8,FFFFFF00A0FFFFFF
2026-10-05T09:00:26.933,1,600,195264534,1,0CF00400,61444,0,3,8,FFFFFFC09EFFFFFF
2026-10-05T09:00:27.033,1,601,195364527,1,0CF00400,61444,0,3,8,FFFFFF809DFFFFFF
2026-10-05T09:00:27.133,1,602,195464527,1,0CF00400,61444,0,3,8,FFFFFF409CFFFFFF
2026-10-05T09:00:27.233,1,603,195564520,1,0CF00400,61444,0,3,8,FFFFFF009BFFFFFF
2026-10-05T09:00:27.333,1,604,195664538,1,0CF00400,61444,0,3,8,FFFFFFC099FFFFFF
2026-10-05T09:00:27.433,1,605,195764534,1,0CF00400,61444,0,3,8,FFFFFF8098FFFFFF
2026-10-05T09:00:27.533,1,606,195864530,1,0CF00400,61444,0,3,8,FFFFFF4097FFFFFF
2026-10-05T09:00:27.633,1,607,195964523,1,0CF00400,61444,0,3,8,FFFFFF0096FFFFFF
2026-10-05T09:00:27.733,1,609,196064535,1,0CF00400,61444,0,3,8,FFFFFFC094FFFFFF
2026-10-05T09:00:27.833,1,610,196164522,1,0CF00400,61444,0,3,8,FFFFFF8093FFFFFF
2026-10-05T09:00:27.933,1,611,196264534,1,0CF00400,61444,0,3,8,FFFFFF4092FFFFFF
2026-10-05T09:00:28.033,1,612,196364527,1,0CF00400,61444,0,3,8,FFFFFF0091FFFFFF
2026-10-05T09:00:28.133,1,613,196464527,1,0CF00400,61444,0,3,8,FFFFFFC08FFFFFFF
2026-10-05T09:00:28.233,1,614,196564522,1,0CF00400,61444,0,3,8,FFFFFF808EFFFFFF
2026-10-05T09:00:28.333,1,615,196664520,1,0CF00400,61444,0,3,8,FFFFFF408DFFFFFF
2026-10-05T09:00:28.433,1,616,196764518,1,0CF00400,61444,0,3,8,FFFFFF008CFFFFFF
2026-10-05T09:00:28.533,1,617,196864521,1,0CF00400,61444,0,3,8,FFFFFFC08AFFFFFF
2026-10-05T09:00:28.633,1,618,196964530,1,0CF00400,61444,0,3,8,FFFFFF8089FFFFFF
2026-10-05T09:00:28.733,1,620,197064519,1,0CF00400,61444,0,3,8,FFFFFF4088FFFFFF
2026-10-05T09:00:28.833,1,621,197164522,1,0CF00400,61444,0,3,8,FFFFFF0087FFFFFF
2026-10-05T09:00:28.933,1,622,197264516,1,0CF00400,61444,0,3,8,FFFFFFC085FFFFFF
2026-10-05T09:00:29.033,1,623,197364527,1,0CF00400,61444,0,3,8,FFFFFF8084FFFFFF
2026-10-05T09:00:29.133,1,624,197464527,1,0CF00400,61444,0,3,8,FFFFFF4083FFFFFF
2026-10-05T09:00:29.234,1,625,197564520,1,0CF00400,61444,0,3,8,FFFFFF0082FFFFFF
2026-10-05T09:00:29.333,1,626,197664520,1,0CF00400,61444,0,3,8,FFFFFFC080FFFFFF
2026-10-05T09:00:29.433,1,627,197764518,1,0CF00400,61444,0,3,8,FFFFFF807FFFFFFF
2026-10-05T09:00:29.533,1,628,197864512,1,0CF00400,61444,0,3,8,FFFFFF407EFFFFFF
2026-10-05T09:00:29.633,1,629,197964523,1,0CF00400,61444,0,3,8,FFFFFF007DFFFFFF
2026-10-05T09:00:29.733,1,631,198064520,1,0CF00400,61444,0,3,8,FFFFFFC07BFFFFFF
2026-10-05T09:00:29.833,1,632,198164522,1,0CF00400,61444,0,3,8,FFFFFF807AFFFFFF
2026-10-05T09:00:29.933,1,633,198264516,1,0CF00400,61444,0,3,8,FFFFFF4079FFFFFF
2026-10-05T09:00:30.033,1,634,198364511,1,0CF00400,61444,0,3,8,FFFFFF0078FFFFFF
2026-10-05T09:00:30.133,1,635,198464511,1,0CF00400,61444,0,3,8,FFFFFFC076FFFFFF
2026-10-05T09:00:30.233,1,636,198564522,1,0CF00400,61444,0,3,8,FFFFFF8075FFFFFF
2026-10-05T09:00:30.333,1,637,198664504,1,0CF00400,61444,0,3,8,FFFFFF4074FFFFFF
2026-10-05T09:00:30.433,1,638,198764516,1,0CF00400,61444,0,3,8,FFFFFF0073FFFFFF
2026-10-05T09:00:30.533,1,639,198864516,1,0CF00400,61444,0,3,8,FFFFFFC071FFFFFF
2026-10-05T09:00:30.633,1,640,198964511,1,0CF00400,61444,0,3,8,FFFFFF8070FFFFFF
2026-10-05T09:00:30.733,1,642,199064517,1,0CF00400,61444,0,3,8,FFFFFF406FFFFFFF
2026-10-05T09:00:30.833,1,643,199164504,1,0CF00400,61444,0,3,8,FFFFFF006EFFFFFF
2026-10-05T09:00:30.933,1,644,199264518,1,0CF00400,61444,0,3,8,FFFFFFC06CFFFFFF
2026-10-05T09:00:31.033,1,645,199364512,1,0CF00400,61444,0,3,8,FFFFFF806BFFFFFF
2026-10-05T09:00:31.133,1,646,199464511,1,0CF00400,61444,0,3,8,FFFFFF406AFFFFFF
2026-10-05T09:00:31.233,1,647,199564504,1,0CF00400,61444,0,3,8,FFFFFF0069FFFFFF
2026-10-05T09:00:31.333,1,648,199664504,1,0CF00400,61444,0,3,8,FFFFFFC067FFFFFF
2026-10-05T09:00:31.433,1,649,199764516,1,0CF00400,61444,0,3,8,FFFFFF8066FFFFFF
2026-10-05T09:00:31.533,1,650,199864511,1,0CF00400,61444,0,3,8,FFFFFF4065FFFFFF
2026-10-05T09:00:31.633,1,651,199964503,1,0CF00400,61444,0,3,8,FFFFFF0064FFFFFF
2026-10-05T09:00:31.734,1,653,200064502,1,0CF00400,61444,0,3,8,FFFFFFC062FFFFFF
2026-10-05T09:00:31.833,1,654,200164504,1,0CF00400,61444,0,3,8,FFFFFF8061FFFFFF
2026-10-05T09:00:31.933,1,655,200264518,1,0CF00400,61444,0,3,8,FFFFFF4060FFFFFF
2026-10-05T09:00:32.033,1,656,200364512,1,0CF00400,61444,0,3,8,FFFFFF005FFFFFFF
2026-10-05T09:00:32.133,1,657,200464512,1,0CF00400,61444,0,3,8,FFFFFFC05DFFFFFF
2026-10-05T09:00:32.233,1,658,200564504,1,0CF00400,61444,0,3,8,FFFFFF805CFFFFFF
2026-10-05T09:00:32.333,1,659,200664504,1,0CF00400,61444,0,3,8,FFFFFF405BFFFFFF
2026-10-05T09:00:32.433,1,660,200764500,1,0CF00400,61444,0,3,8,FFFFFF005AFFFFFF
2026-10-05T09:00:32.533,1,661,200864503,1,0CF00400,61444,0,3,8,FFFFFFC058FFFFFF
2026-10-05T09:00:32.633,1,662,200964512,1,0CF00400,61444,0,3,8,FFFFFF8057FFFFFF
2026-10-05T09:00:32.733,1,664,201064488,1,0CF00400,61444,0,3,8,FFFFFF4056FFFFFF
2026-10-05T09:00:32.833,1,665,201164504,1,0CF00400,61444,0,3,8,FFFFFF0055FFFFFF
2026-10-05T09:00:32.933,1,666,201264500,1,0CF00400,61444,0,3,8,FFFFFFC053FFFFFF
2026-10-05T09:00:33.034,1,667,201364511,1,0CF00400,61444,0,3,8,FFFFFF8052FFFFFF
2026-10-05T09:00:33.133,1,668,201464493,1,0CF00400,61444,0,3,8,FFFFFF4051FFFFFF
2026-10-05T09:00:33.233,1,669,201564504,1,0CF00400,61444,0,3,8,FFFFFF0050FFFFFF
2026-10-05T09:00:33.333,1,670,201664504,1,0CF00400,61444,0,3,8,FFFFFFC04EFFFFFF
2026-10-05T09:00:33.433,1,671,201764500,1,0CF00400,61444,0,3,8,FFFFFF804DFFFFFF
2026-10-05T09:00:33.533,1,672,201864497,1,0CF00400,61444,0,3,8,FFFFFF404CFFFFFF
2026-10-05T09:00:33.633,1,673,201964489,1,0CF00400,61444,0,3,8,FFFFFF004BFFFFFF
2026-10-05T09:00:33.733,1,675,202064501,1,0CF00400,61444,0,3,8,FFFFFFC049FFFFFF
2026-10-05T09:00:33.833,1,676,202164489,1,0CF00400,61444,0,3,8,FFFFFF8048FFFFFF
2026-10-05T09:00:33.933,1,677,202264500,1,0CF00400,61444,0,3,8,FFFFFF4047FFFFFF
2026-10-05T09:00:34.033,1,678,202364493,1,0CF00400,61444,0,3,8,FFFFFF0046FFFFFF
2026-10-05T09:00:34.133,1,679,202464493,1,0CF00400,61444,0,3,8,FFFFFFC044FFFFFF
2026-10-05T09:00:34.233,1,680,202564489,1,0CF00400,61444,0,3,8,FFFFFF8043FFFFFF
2026-10-05T09:00:34.333,1,681,202664489,1,0CF00400,61444,0,3,8,FFFFFF4042FFFFFF
2026-10-05T09:00:34.433,1,682,202764500,1,0CF00400,61444,0,3,8,FFFFFF0041FFFFFF
2026-10-05T09:00:34.533,1,683,202864500,1,0CF00400,61444,0,3,8,FFFFFFC03FFFFFFF
2026-10-05T09:00:34.633,1,684,202964493,1,0CF00400,61444,0,3,8,FFFFFF803EFFFFFF
2026-10-05T09:00:34.733,1,686,203064483,1,0CF00400,61444,0,3,8,FFFFFF403DFFFFFF
2026-10-05T09:00:34.834,1,687,203164487,1,0CF00400,61444,0,3,8,FFFFFF003CFFFFFF
2026-10-05T09:00:34.933,1,688,203264485,1,0CF00400,61444,0,3,8,FFFFFFC03AFFFFFF
2026-10-05T09:00:35.033,1,689,203364497,1,0CF00400,61444,0,3,8,FFFFFF8039FFFFFF
2026-10-05T09:00:35.133,1,690,203464493,1,0CF00400,61444,0,3,8,FFFFFF4038FFFFFF
2026-10-05T09:00:35.233,1,691,203564489,1,0CF00400,61444,0,3,8,FFFFFF0037FFFFFF
2026-10-05T09:00:35.333,1,692,203664487,1,0CF00400,61444,0,3,8,FFFFFFC035FFFFFF
2026-10-05T09:00:35.433,1,693,203764485,1,0CF00400,61444,0,3,8,FFFFFF8034FFFFFF
2026-10-05T09:00:35.533,1,694,203864479,1,0CF00400,61444,0,3,8,FFFFFF4033FFFFFF
2026-10-05T09:00:35.633,1,695,203964489,1,0CF00400,61444,0,3,8,FFFFFF0032FFFFFF
2026-10-05T09:00:35.732,1,697,204064489,1,0CF00400,61444,0,3,8,FFFFFFC030FFFFFF
2026-10-05T09:00:35.833,1,698,204164489,1,0CF00400,61444,0,3,8,FFFFFF802FFFFFFF
2026-10-05T09:00:35.933,1,699,204264482,1,0CF00400,61444,0,3,8,FFFFFF402EFFFFFF
2026-10-05T09:00:36.033,1,700,204364493,1,0CF00400,61444,0,3,8,FFFFFF002DFFFFFF
2026-10-05T09:00:36.133,1,701,204464497,1,0CF00400,61444,0,3,8,FFFFFFC02BFFFFFF
2026-10-05T09:00:36.233,1,702,204564489,1,0CF00400,61444,0,3,8,FFFFFF802AFFFFFF
2026-10-05T09:00:36.333,1,703,204664471,1,0CF00400,61444,0,3,8,FFFFFF4029FFFFFF
2026-10-05T09:00:36.433,1,704,204764482,1,0CF00400,61444,0,3,8,FFFFFF0028FFFFFF
2026-10-05T09:00:36.533,1,705,204864483,1,0CF00400,61444,0,3,8,FFFFFFC026FFFFFF
2026-10-05T09:00:36.633,1,706,204964493,1,0CF00400,61444,0,3,8,FFFFFF8025FFFFFF
2026-10-05T09:00:36.733,1,708,205064486,1,0CF00400,61444,0,3,8,FFFFFF4024FFFFFF
2026-10-05T09:00:36.833,1,709,205164489,1,0CF00400,61444,0,3,8,FFFFFF0023FFFFFF
2026-10-05T09:00:36.933,1,710,205264482,1,0CF00400,61444,0,3,8,FFFFFFC021FFFFFF
2026-10-05T09:00:37.033,1,711,205364493,1,0CF00400,61444,0,3,8,FFFFFF8020FFFFFF
2026-10-05T09:00:37.133,1,712,205464475,1,0CF00400,61444,0,3,8,FFFFFF401FFFFFFF
2026-10-05T09:00:37.233,1,713,205564487,1,0CF00400,61444,0,3,8,FFFFFF8020FFFFFF
2026-10-05T09:00:37.333,1,714,205664471,1,0CF00400,61444,0,3,8,FFFFFFC021FFFFFF
2026-10-05T09:00:37.433,1,715,205764485,1,0CF00400,61444,0,3,8,FFFFFF0023FFFFFF
2026-10-05T09:00:37.533,1,716,205864479,1,0CF00400,61444,0,3,8,FFFFFF4024FFFFFF
2026-10-05T09:00:37.633,1,717,205964474,1,0CF00400,61444,0,3,8,FFFFFF8025FFFFFF
2026-10-05T09:00:37.733,1,719,206064486,1,0CF00400,61444,0,3,8,FFFFFFC026FFFFFF
2026-10-05T09:00:37.833,1,720,206164471,1,0CF00400,61444,0,3,8,FFFFFF0028FFFFFF
2026-10-05T09:00:37.933,1,721,206264467,1,0CF00400,61444,0,3,8,FFFFFF4029FFFFFF
2026-10-05T09:00:38.033,1,722,206364478,1,0CF00400,61444,0,3,8,FFFFFF802AFFFFFF
2026-10-05T09:00:38.133,1,723,206464481,1,0CF00400,61444,0,3,8,FFFFFFC02BFFFFFF
2026-10-05T09:00:38.233,1,724,206564489,1,0CF00400,61444,0,3,8,FFFFFF002DFFFFFF
2026-10-05T09:00:38.333,1,725,206664471,1,0CF00400,61444,0,3,8,FFFFFF402EFFFFFF
2026-10-05T09:00:38.433,1,726,206764482,1,0CF00400,61444,0,3,8,FFFFFF802FFFFFFF
2026-10-05T09:00:38.533,1,727,206864467,1,0CF00400,61444,0,3,8,FFFFFFC030FFFFFF
2026-10-05T09:00:38.633,1,728,206964478,1,0CF00400,61444,0,3,8,FFFFFF0032FFFFFF
2026-10-05T09:00:38.732,1,730,207064470,1,0CF00400,61444,0,3,8,FFFFFF4033FFFFFF
2026-10-05T09:00:38.833,1,731,207164471,1,0CF00400,61444,0,3,8,FFFFFF8034FFFFFF
2026-10-05T09:00:38.933,1,732,207264467,1,0CF00400,61444,0,3,8,FFFFFFC035FFFFFF
2026-10-05T09:00:39.033,1,733,207364479,1,0CF00400,61444,0,3,8,FFFFFF0037FFFFFF
2026-10-05T09:00:39.133,1,734,207464478,1,0CF00400,61444,0,3,8,FFFFFF4038FFFFFF
2026-10-05T09:00:39.233,1,735,207564471,1,0CF00400,61444,0,3,8,FFFFFF8039FFFFFF
2026-10-05T09:00:39.333,1,736,207664471,1,0CF00400,61444,0,3,8,FFFFFFC03AFFFFFF
2026-10-05T09:00:39.433,1,737,207764467,1,0CF00400,61444,0,3,8,FFFFFF003CFFFFFF
2026-10-05T09:00:39.534,1,738,207864460,1,0CF00400,61444,0,3,8,FFFFFF403DFFFFFF
2026-10-05T09:00:39.633,1,739,207964469,1,0CF00400,61444,0,3,8,FFFFFF803EFFFFFF
2026-10-05T09:00:39.733,1,741,208064468,1,0CF00400,61444,0,3,8,FFFFFFC03FFFFFFF
2026-10-05T09:00:39.833,1,742,208164471,1,0CF00400,61444,0,3,8,FFFFFF0041FFFFFF
2026-10-05T09:00:39.933,1,743,208264467,1,0CF00400,61444,0,3,8,FFFFFF4042FFFFFF
2026-10-05T09:00:40.034,1,744,208364463,1,0CF00400,61444,0,3,8,FFFFFF8043FFFFFF
2026-10-05T09:00:40.133,1,745,208464463,1,0CF00400,61444,0,3,8,FFFFFFC044FFFFFF
2026-10-05T09:00:40.233,1,746,208564453,1,0CF00400,61444,0,3,8,FFFFFF0046FFFFFF
2026-10-05T09:00:40.333,1,747,208664471,1,0CF00400,61444,0,3,8,FFFFFF4047FFFFFF
2026-10-05T09:00:40.433,1,748,208764467,1,0CF00400,61444,0,3,8,FFFFFF8048FFFFFF
2026-10-05T09:00:40.533,1,749,208864469,1,0CF00400,61444,0,3,8,FFFFFFC049FFFFFF
2026-10-05T09:00:40.633,1,750,208964463,1,0CF00400,61444,0,3,8,FFFFFF004BFFFFFF
2026-10-05T09:00:40.733,1,752,209064468,1,0CF00400,61444,0,3,8,FFFFFF404CFFFFFF
2026-10-05T09:00:40.833,1,753,209164471,1,0CF00400,61444,0,3,8,FFFFFF804DFFFFFF
2026-10-05T09:00:40.933,1,754,209264467,1,0CF00400,61444,0,3,8,FFFFFFC04EFFFFFF
2026-10-05T09:00:41.033,1,755,209364463,1,0CF00400,61444,0,3,8,FFFFFF0050FFFFFF
2026-10-05T09:00:41.133,1,756,209464460,1,0CF00400,61444,0,3,8,FFFFFF4051FFFFFF
2026-10-05T09:00:41.233,1,757,209564471,1,0CF00400,61444,0,3,8,FFFFFF8052FFFFFF
2026-10-05T09:00:41.333,1,758,209664471,1,0CF00400,61444,0,3,8,FFFFFFC053FFFFFF
2026-10-05T09:00:41.433,1,759,209764467,1,0CF00400,61444,0,3,8,FFFFFF0055FFFFFF
2026-10-05T09:00:41.533,1,760,209864444,1,0CF00400,61444,0,3,8,FFFFFF4056FFFFFF
2026-10-05T09:00:41.633,1,761,209964469,1,0CF00400,61444,0,3,8,FFFFFF8057FFFFFF
2026-10-05T09:00:41.733,1,763,210064451,1,0CF00400,61444,0,3,8,FFFFFFC058FFFFFF
2026-10-05T09:00:41.834,1,764,210164453,1,0CF00400,61444,0,3,8,FFFFFF005AFFFFFF
2026-10-05T09:00:41.933,1,765,210264467,1,0CF00400,61444,0,3,8,FFFFFF405BFFFFFF
2026-10-05T09:00:42.033,1,766,210364463,1,0CF00400,61444,0,3,8,FFFFFF805CFFFFFF
2026-10-05T09:00:42.133,1,767,210464463,1,0CF00400,61444,0,3,8,FFFFFFC05DFFFFFF
2026-10-05T09:00:42.233,1,768,210564453,1,0CF00400,61444,0,3,8,FFFFFF005FFFFFFF
2026-10-05T09:00:42.333,1,769,210664453,1,0CF00400,61444,0,3,8,FFFFFF4060FFFFFF
2026-10-05T09:00:42.434,1,770,210764451,1,0CF00400,61444,0,3,8,FFFFFF8061FFFFFF
2026-10-05T09:00:42.533,1,771,210864454,1,0CF00400,61444,0,3,8,FFFFFFC062FFFFFF
2026-10-05T09:00:42.633,1,772,210964445,1,0CF00400,61444,0,3,8,FFFFFF0064FFFFFF
2026-10-05T09:00:42.733,1,774,211064452,1,0CF00400,61444,0,3,8,FFFFFF4065FFFFFF
2026-10-05T09:00:42.833,1,775,211164456,1,0CF00400,61444,0,3,8,FFFFFF8066FFFFFF
2026-10-05T09:00:42.933,1,776,211264451,1,0CF00400,61444,0,3,8,FFFFFFC067FFFFFF
2026-10-05T09:00:43.033,1,777,211364445,1,0CF00400,61444,0,3,8,FFFFFF0069FFFFFF
2026-10-05T09:00:43.133,1,778,211464444,1,0CF00400,61444,0,3,8,FFFFFF406AFFFFFF
2026-10-05T09:00:43.233,1,779,211564456,1,0CF00400,61444,0,3,8,FFFFFF806BFFFFFF
2026-10-05T09:00:43.333,1,780,211664456,1,0CF00400,61444,0,3,8,FFFFFFC06CFFFFFF
2026-10-05T09:00:43.433,1,781,211764449,1,0CF00400,61444,0,3,8,FFFFFF006EFFFFFF
2026-10-05T09:00:43.532,1,782,211864444,1,0CF00400,61444,0,3,8,FFFFFF406FFFFFFF
2026-10-05T09:00:43.632,1,783,211964454,1,0CF00400,61444,0,3,8,FFFFFF8070FFFFFF
2026-10-05T09:00:43.733,1,785,212064451,1,0CF00400,61444,0,3,8,FFFFFFC071FFFFFF
2026-10-05T09:00:43.833,1,786,212164438,1,0CF00400,61444,0,3,8,FFFFFF0073FFFFFF
2026-10-05T09:00:43.932,1,787,212264451,1,0CF00400,61444,0,3,8,FFFFFF4074FFFFFF
2026-10-05T09:00:44.032,1,788,212364445,1,0CF00400,61444,0,3,8,FFFFFF8075FFFFFF
2026-10-05T09:00:44.132,1,789,212464445,1,0CF00400,61444,0,3,8,FFFFFFC076FFFFFF
