pc_time,boot,seq,t_us,rx_total,fps,ring_drop,ring_hwm,hw_ovr,eflg,rec,tec,tx_hwm,loop_max_us,silent_ms,line_drop,opmod
2026-10-09T10:49:25.688,1,29698,40031337,29647,791,0,4,0,00,0,0,366,448,1,0,3
2026-10-09T10:49:26.688,1,30490,41031325,30438,791,0,4,0,00,0,0,366,440,1,0,3
2026-10-09T10:49:27.688,1,31282,42031338,31229,791,0,4,0,00,0,0,366,446,1,0,3
2026-10-09T10:49:28.688,1,32074,43031359,32020,791,0,4,0,00,0,0,366,449,1,0,3
2026-10-09T10:49:29.688,1,32866,44031354,32811,791,0,4,0,00,0,0,366,442,1,0,3
2026-10-09T10:49:30.688,1,33658,45031328,33602,791,0,4,0,00,0,0,366,442,1,0,3
2026-10-09T10:49:31.688,1,34450,46031321,34393,791,0,4,0,00,0,0,366,440,1,0,3
2026-10-09T10:49:32.688,1,35242,47031341,35184,791,0,4,0,00,0,0,366,442,1,0,3
2026-10-09T10:49:33.688,1,36034,48031337,35975,791,0,4,0,00,0,0,366,441,1,0,3
2026-10-09T10:49:34.688,1,36826,49031116,36766,791,0,4,0,00,0,0,366,443,1,0,3
2026-10-09T10:49:35.687,1,37619,50031171,37558,792,0,4,0,00,0,0,366,439,1,0,3
2026-10-09T10:49:36.688,1,38410,51031350,38348,790,0,4,0,00,0,0,366,438,0,0,3
2026-10-09T10:49:37.688,1,39205,52031439,39142,794,0,4,0,00,0,0,366,440,0,0,3
2026-10-09T10:49:38.688,1,39997,53031395,39933,791,0,4,0,00,0,0,366,441,0,0,3
2026-10-09T10:49:39.688,1,40789,54031409,40724,791,0,4,0,00,0,0,366,439,0,0,3
2026-10-09T10:49:40.688,1,41581,55031371,41515,791,0,4,0,00,0,0,366,441,0,0,3
2026-10-09T10:49:41.688,1,42373,56031384,42306,791,0,4,0,00,0,0,366,438,0,0,3
2026-10-09T10:49:42.688,1,43165,57031389,43097,791,0,4,0,00,0,0,366,439,0,0,3
2026-10-09T10:49:43.689,1,43957,58031419,43888,791,0,4,0,00,0,0,366,440,0,0,3
2026-10-09T10:49:44.688,1,44749,59031396,44679,791,0,4,0,00,0,0,366,437,0,0,3
2026-10-09T10:49:45.688,1,45541,60031411,45470,791,0,4,0,00,0,0,366,438,0,0,3
2026-10-09T10:49:46.688,1,46333,61031430,46261,791,0,4,0,00,0,0,366,441,0,0,3
2026-10-09T10:49:47.688,1,47125,62031419,47052,791,0,4,0,00,0,0,366,439,0,0,3
2026-10-09T10:49:48.689,1,47917,63031472,47843,791,0,4,0,00,0,0,366,441,0,0,3
2026-10-09T10:49:49.688,1,48708,64031430,48633,790,0,4,0,00,0,0,366,440,0,0,3
2026-10-09T10:49:50.688,1,49500,65031466,49424,791,0,4,0,00,0,0,366,441,0,0,3
2026-10-09T10:49:51.688,1,50293,66031469,50216,792,0,4,0,00,0,0,366,440,0,0,3
2026-10-09T10:49:52.689,1,51084,67031478,51006,790,0,4,0,00,0,0,366,441,0,0,3
2026-10-09T10:49:53.688,1,51877,68031518,51798,792,0,4,0,00,0,0,366,449,0,0,3
2026-10-09T10:49:54.688,1,52668,69031475,52588,790,0,4,0,00,0,0,366,442,0,0,3
2026-10-09T10:49:55.688,1,53460,70031310,53379,791,0,4,0,00,0,0,366,439,1,0,3
2026-10-09T10:49:56.688,1,54252,71031298,54171,792,0,4,0,00,0,0,366,443,0,0,3
2026-10-09T10:49:57.688,1,55045,72031537,54962,791,0,4,0,00,0,0,366,489,0,0,3
2026-10-09T10:49:58.688,1,55836,73031291,55753,791,0,4,0,00,0,0,366,438,0,0,3
2026-10-09T10:49:59.688,1,56629,74031549,56544,791,0,4,0,00,0,0,366,486,0,0,3
2026-10-09T10:50:00.688,1,57421,75031511,57335,791,0,4,0,00,0,0,366,438,0,0,3
2026-10-09T10:50:01.688,1,58212,76031305,58126,791,0,4,0,00,0,0,366,439,0,0,3
2026-10-09T10:50:02.688,1,59004,77031312,58917,791,0,4,0,00,0,0,366,491,0,0,3
2026-10-09T10:50:03.688,1,59796,78031108,59707,790,0,4,0,00,0,0,366,490,1,0,3
2026-10-09T10:50:04.688,1,60588,79031101,60498,791,0,4,0,00,0,0,366,439,1,0,3
2026-10-09T10:50:05.688,1,61380,80031098,61289,791,0,4,0,00,0,0,366,438,1,0,3
2026-10-09T10:50:06.688,1,62172,81031109,62080,791,0,4,0,00,0,0,366,441,1,0,3
2026-10-09T10:50:07.688,1,62964,82031095,62871,791,0,4,0,00,0,0,366,440,1,0,3
2026-10-09T10:50:08.688,1,63756,83031104,63662,791,0,4,0,00,0,0,366,442,1,0,3
2026-10-09T10:50:09.688,1,64548,84031107,64453,791,0,4,0,00,0,0,366,440,1,0,3
2026-10-09T10:50:10.688,1,65340,85031134,65244,791,0,4,0,00,0,0,366,439,1,0,3
2026-10-09T10:50:11.689,1,66132,86031094,66035,791,0,4,0,00,0,0,366,448,1,0,3
2026-10-09T10:50:12.688,1,66926,87031401,66828,793,0,4,0,00,0,0,366,443,0,0,3
2026-10-09T10:50:13.689,1,67719,88031420,67620,792,0,4,0,00,0,0,366,438,0,0,3
2026-10-09T10:50:14.688,1,68510,89031512,68410,790,0,4,0,00,0,0,366,447,0,0,3
2026-10-09T10:50:15.688,1,69303,90031118,69202,792,0,4,0,00,0,0,366,438,1,0,3
2026-10-09T10:50:16.688,1,70095,91031092,69993,791,0,4,0,00,0,0,366,439,1,0,3
2026-10-09T10:50:17.688,1,70887,92031125,70784,791,0,4,0,00,0,0,366,438,1,0,3
2026-10-09T10:50:18.688,1,71679,93031122,71575,791,0,4,0,00,0,0,366,442,1,0,3
